id,name,alternate_names,species,gender,house,dateOfBirth,yearOfBirth,wizard,ancestry,eyeColour,hairColour,wand,patronus,hogwartsStudent,hogwartsStaff,actor,alternate_actors,alive,image
9e3f7ce4-b9a7-4244-b709-dae5c1f1d4a8,Harry Potter,"['The Boy Who Lived', 'The Chosen One', 'Undesirable No. 1', 'Potty']",human,male,Gryffindor,31-07-1980,1980.0,True,half-blood,green,black,"{'wood': 'holly', 'core': 'phoenix tail feather', 'length': 11}",stag,True,False,Daniel Radcliffe,[],True,https://ik.imagekit.io/hpapi/harry.jpg
4c7e6819-a91a-45b2-a454-f931e4a7cce3,Hermione Granger,"['Hermy', 'Know-it-all', 'Miss Grant', 'Herm-own-ninny']",human,female,Gryffindor,19-09-1979,1979.0,True,muggleborn,brown,brown,"{'wood': 'vine', 'core': 'dragon heartstring', 'length': 10.75}",otter,True,False,Emma Watson,[],True,https://ik.imagekit.io/hpapi/hermione.jpeg
c3b1f9a5-b87b-48bf-b00d-95b093ea6390,Ron Weasley,"['Dragomir Despard', 'Ronald', 'Ickle Ronniekins', 'Ronnie', 'Wheezy', 'Won-Won', 'Roonil Wazlib']",human,male,Gryffindor,01-03-1980,1980.0,True,pure-blood,blue,red,"{'wood': 'willow', 'core': 'unicorn tail hair', 'length': 14}",Jack Russell terrier,True,False,Rupert Grint,[],True,https://ik.imagekit.io/hpapi/ron.jpg
af95bd8a-dfae-45bb-bc69-533860d34129,Draco Malfoy,[],human,male,Slytherin,05-06-1980,1980.0,True,pure-blood,grey,blonde,"{'wood': 'hawthorn', 'core': 'unicorn tail hair', 'length': 10}",,True,False,Tom Felton,[],True,https://ik.imagekit.io/hpapi/draco.jpg
ca3827f0-375a-4891-aaa5-f5e8a5bad225,Minerva McGonagall,[],human,female,Gryffindor,04-10-1925,1925.0,True,half-blood,,black,"{'wood': 'fir', 'core': 'dragon heartstring', 'length': 9.5}",tabby cat,False,True,Dame Maggie Smith,[],True,https://ik.imagekit.io/hpapi/mcgonagall.jpg
d5c4daa3-c726-426a-aa98-fb40f3fba816,Cedric Diggory,[],human,male,Hufflepuff,,1977.0,True,,grey,brown,"{'wood': 'ash', 'core': 'unicorn hair', 'length': 12.25}",,True,False,Robert Pattinson,[],False,https://ik.imagekit.io/hpapi/cedric.png
8f9aa40b-5d7c-441e-ad32-4564ecda3b70,Cho Chang,[],human,female,Ravenclaw,07-04-1979,1979.0,True,,brown,black,"{'wood': '', 'core': '', 'length': None}",swan,True,False,Katie Leung,[],True,https://ik.imagekit.io/hpapi/cho.jpg
3569d265-bd27-44d8-88e8-82fb0a848374,Severus Snape,"['Half-Blood Prince', 'Snivellus', 'Sev']",human,male,Slytherin,09-01-1960,1960.0,True,half-blood,black,black,"{'wood': '', 'core': '', 'length': None}",doe,False,True,Alan Rickman,[],False,https://ik.imagekit.io/hpapi/snape.jpg
36bfefd0-e0bb-4d11-be98-d1ef6117a77a,Rubeus Hagrid,"['Professor Hagrid', 'Hagger']",half-giant,male,Gryffindor,06-12-1928,1928.0,True,half-blood,black,black,"{'wood': 'oak', 'core': '', 'length': 16}",,False,True,Robbie Coltrane,[],True,https://ik.imagekit.io/hpapi/hagrid.png
3db6dc51-b461-4fa4-a6e4-b1ff352221c5,Neville Longbottom,[],human,male,Gryffindor,30-07-1980,1980.0,True,pure-blood,,blonde,"{'wood': 'cherry', 'core': 'unicorn tail hair', 'length': 13}",Non-Corporeal,True,False,Matthew Lewis,[],True,https://ik.imagekit.io/hpapi/neville.jpg
861c4cde-2f0f-4796-8d8f-9492e74b2573,Luna Lovegood,['Loony Lovegood'],human,female,Ravenclaw,13-02-1981,1981.0,True,,silver,blonde,"{'wood': '', 'core': '', 'length': None}",hare,True,False,Evanna Lynch,[],True,https://ik.imagekit.io/hpapi/luna.jpg
1cd6dc64-01a9-4379-9cfd-1a7167ba1bb1,Ginny Weasley,[],human,female,Gryffindor,11-08-1981,1981.0,True,pure-blood,brown,red,"{'wood': 'yew', 'core': '', 'length': None}",horse,True,False,Bonnie Wright,[],True,https://ik.imagekit.io/hpapi/ginny.jpg
2cfd2d4b-5d1e-4dc5-8837-37a97c7e2f2f,Sirius Black,"['Padfoot', 'Snuffles']",human,male,Gryffindor,03-11-1959,1959.0,True,pure-blood,grey,black,"{'wood': '', 'core': '', 'length': None}",hare,False,False,Gary Oldman,"['James Walters', 'Rohan Gotobed']",False,https://ik.imagekit.io/hpapi/sirius.JPG
b8f9095b-9de6-4d7d-83e0-4391af8f22e4,Remus Lupin,"['Professor Lupin', 'Moony', 'Remus John Lupin']",werewolf,male,Gryffindor,10-03-1960,1960.0,True,half-blood,green,brown,"{'wood': 'cypress', 'core': 'unicorn tail hair', 'length': 10.25}",wolf,False,True,David Thewlis,[],False,https://ik.imagekit.io/hpapi/lupin.jpg
dd925874-e800-4eb4-9f0d-4d0fed15634b,Arthur Weasley,[],human,male,Gryffindor,06-02-1950,1950.0,True,pure-blood,blue,red,"{'wood': '', 'core': '', 'length': None}",weasel,False,False,Mark Williams,[],True,https://ik.imagekit.io/hpapi/arthur.jpg
6afb1960-febd-418d-b604-e50c1b59459b,Bellatrix Lestrange,['Bella'],human,female,Slytherin,,1951.0,True,pure-blood,brown,black,"{'wood': 'walnut', 'core': 'dragon heartstring', 'length': 12.75}",,False,False,Helena Bonham Carter,[],False,https://ik.imagekit.io/hpapi/bellatrix.jpg
efa802c8-ae18-4ae1-a524-49df21d05939,Lord Voldemort,"['Tom Riddle', 'Tom Marvolo Riddle', 'You-Know-Who', 'He Who Must Not Be Named', 'the Dark Lord', 'the Heir of Slytherin']",human,male,Slytherin,31-12-1926,1926.0,True,half-blood,Scarlet,bald,"{'wood': 'yew', 'core': 'phoenix tail feather', 'length': 13.5}",,False,False,Ralph Fiennes,[],False,https://ik.imagekit.io/hpapi/voldemort.jpg
2fb675cd-5505-4c8e-a54e-579e73bf4174,Horace Slughorn,[],human,male,Slytherin,,,True,pure-blood,green,blonde,"{'wood': 'cedar', 'core': 'dragon heartstring', 'length': 10.25}",,False,True,Jim Broadbent,[],True,https://ik.imagekit.io/hpapi/slughorn.JPG
106cf68d-a86a-415e-ad75-6ad9a4ae24e4,Kingsley Shacklebolt,[],human,male,,,,True,pure-blood,brown,brown,"{'wood': '', 'core': '', 'length': None}",lynx,False,False,George Harris,[],True,https://ik.imagekit.io/hpapi/kingsley.jpg
d58e7249-19d1-40bd-a43f-1da0497fe8aa,Dolores Umbridge,[],human,female,Slytherin,,,True,half-blood,brown,grey,"{'wood': 'birch', 'core': 'dragon heartstring', 'length': 8}",persian cat,False,True,Imelda Staunton,[],True,https://ik.imagekit.io/hpapi/umbridge.jpg
43403619-70cb-4a0c-b70a-6d5cae20e602,Lucius Malfoy,[],human,male,Slytherin,,1954.0,True,pure-blood,grey,blonde,"{'wood': 'elm', 'core': 'dragon heartstring', 'length': 18}",,False,False,Jason Isaacs,[],True,https://ik.imagekit.io/hpapi/lucius.jpg
04f9eb45-d843-4e29-a7d3-0bd49ed87f85,Vincent Crabbe,[],human,male,Slytherin,,,True,pure-blood,black,black,"{'wood': '', 'core': '', 'length': None}",,True,False,Jamie Waylett,[],False,https://ik.imagekit.io/hpapi/crabbe.jpg
32923dab-16e1-4da1-8af7-bf9bec9ece1b,Mr Crabbe,[],human,male,,,,True,pure-blood,,,"{'wood': '', 'core': '', 'length': None}",,False,False,Paschal Friel,[],False,
a31ddc78-af12-4978-929c-3cc8a00a833e,Gregory Goyle,[],human,male,Slytherin,,,True,pure-blood,,brown,"{'wood': '', 'core': '', 'length': None}",,True,False,Josh Herdman,[],True,https://ik.imagekit.io/hpapi/goyle.jpg
0d72d9ce-9560-4e72-bd2e-f0af02f32caa,Mr Goyle,[],human,male,,,,True,pure-blood,,,"{'wood': '', 'core': '', 'length': None}",,True,False,Alex Palmer,[],True,
b0620914-858d-46fc-8e6d-033c565e138b,Mrs Norris,[],cat,female,,,,False,,yellow,brown,"{'wood': '', 'core': '', 'length': None}",,False,True,"Maxime, Alanis and Tommy the cats",[],True,https://ik.imagekit.io/hpapi/norris.JPG
2b82cfb8-0440-4a57-a030-6d75a40c0d98,Argus Filch,[],human,male,,,,False,squib,,grey,"{'wood': '', 'core': '', 'length': None}",,False,True,David Bradley,[],True,https://ik.imagekit.io/hpapi/filch.jpg
b4ffe89b-8796-42ad-a6d9-5af1a369af7e,Vernon Dursley,[],human,male,,,,False,muggle,,,"{'wood': '', 'core': '', 'length': None}",,False,False,Richard Griffiths,[],True,
fed624df-56d9-495e-9ad4-ea77000957e8,Petunia Dursley,[],human,female,,,,False,muggle,,blonde,"{'wood': '', 'core': '', 'length': None}",,False,False,Fiona Shaw,[],True,
7614cf6e-689e-47ac-a976-b1e9997637e9,Dudley Dursley,[],human,male,,23-6-1980,1980.0,False,muggle,blue,blond,"{'wood': '', 'core': '', 'length': None}",,False,False,Harry Melling,[],True,
5711b801-20fc-43e4-831c-31427cf3023f,Boa constrictor,['A Brazilian Boa Constrictor'],snake,,,,,False,,beady,,"{'wood': '', 'core': '', 'length': None}",,False,False,,[],True,
41cd0bbe-a943-431b-9bde-bb2cad3491a1,Lily Potter,[],human,female,Gryffindor,30-01-1960,1960.0,True,muggleborn,green,,"{'wood': 'willow', 'core': '', 'length': 10.25}",,False,False,Geraldine Somerville,[],False,
34eb6182-00cf-4c95-ae73-7d2f34066d18,James Potter,['Prongs'],human,male,Gryffindor,27-03-1960,1960.0,True,pure-blood,,black,"{'wood': 'mahogany', 'core': '', 'length': 11}",stag,False,False,Adrian Rawlins,[],False,
b415c867-1cff-455e-b194-748662ac2cca,Albus Dumbledore,['Professor Dumbledore'],human,male,Gryffindor,,1881.0,True,half-blood,blue,silver,"{'wood': '', 'core': '', 'length': None}",Phoenix,False,True,Richard Harris,['Michael Gambon'],False,
7f29cc65-168d-429d-92f6-7e6f8c72280b,Fawkes,[],phoenix,male,,,,False,,black,red,"{'wood': '', 'core': '', 'length': None}",,False,False,,[],True,
e9457467-d10a-4893-afa9-19f9602b218a,Madam Pomfrey,['Poppy Pomfrey'],human,female,,,,True,,,,"{'wood': '', 'core': '', 'length': None}",,False,True,Gemma Jones,[],True,
63c6fcff-a1a4-4caf-a5ac-e2197c12cb1e,Mrs Figg,['Arabella Doreen Figg'],human,female,,,,False,squib,,,"{'wood': '', 'core': '', 'length': None}",,False,False,Kathryn Hunter,[],True,
162b34f3-aaab-46ae-980b-f2a5ebceb684,Marge Dursley,"['Marjorie Eileen Dursley', 'Aunt Marge', 'Auntie Marge', 'Margie']",human,female,,,,False,muggle,,,"{'wood': '', 'core': '', 'length': None}",,False,False,Pam Ferris,[],True,
8c4a6cad-4cc9-4821-a703-30b628a1c72e,Ripper,[],dog,male,,,,False,,black,,"{'wood': '', 'core': '', 'length': None}",,False,False,,[],True,
d70f60ae-81ea-4230-905d-cb52c801c1fb,Yvonne,[],human,female,,,,False,muggle,,,"{'wood': '', 'core': '', 'length': None}",,False,False,,[],True,
57fa4f38-a1ff-4671-890d-49af38b2a619,Piers Polkiss,[],human,male,,,,False,muggle,,,"{'wood': '', 'core': '', 'length': None}",,False,False,Jason Boyd,[],True,
a18ef59a-89cf-4afd-bf87-83273990d911,Dennis,[],human,male,,,,False,muggle,,,"{'wood': '', 'core': '', 'length': None}",,False,False,Christopher Rithin,[],True,
ef33d1e6-427c-465e-9a9f-037442b376d3,Malcolm,[],human,male,,,,False,muggle,,,"{'wood': '', 'core': '', 'length': None}",,False,False,Richard Macklin,[],True,
71a95495-134d-4af7-8473-5f3495979845,Gordon,[],human,male,,,,False,muggle,,,"{'wood': '', 'core': '', 'length': None}",,False,False,,[],True,
933787c2-51e3-4eac-8a85-ab332cac0456,Miranda Gaushawk,[],human,female,,,,True,,,,"{'wood': '', 'core': '', 'length': None}",,False,False,,[],False,
8b5bbdda-6a45-409c-99b7-0c64e69ed611,Bathilda Bagshot,[],human,female,,,,True,,,,"{'wood': '', 'core': '', 'length': None}",,False,False,,[],False,
8674a5d1-b2ba-4025-ac6d-4d1aa3f49ad9,Adalbert Waffling,[],human,male,,,,True,,,,"{'wood': '', 'core': '', 'length': None}",,False,False,,[],False,
cd98821f-04a8-4df7-9098-64ab117ede00,Emeric Switch,[],human,male,,,,True,,,,"{'wood': '', 'core': '', 'length': None}",,False,False,,[],False,
19fa7e4e-dadd-46a8-912e-51a1f622ce0e,Phyllida Spore,['Dame Phyllida Spore'],human,female,,,,True,,,,"{'wood': '', 'core': '', 'length': None}",,False,False,,[],False,
f859a0ab-0401-4791-b8f5-d3b2bc9668ca,Arsenius Jigger,[],human,male,,,,True,,,,"{'wood': '', 'core': '', 'length': None}",,False,False,,[],False,
2a376401-4821-4aec-94d7-9b3da2c77d85,Newt Scamander,['Newton Artemis Fido Scamander'],human,male,Hufflepuff,24-02-1897,1897.0,True,,hazel,brown,"{'wood': '', 'core': '', 'length': None}",,False,False,Eddie Redmayne,"['Joshua Shea', 'Callum Turner']",True,
aa83dd83-beb5-43ef-b4a1-9bb2389edc44,Quentin Trimble,[],human,male,,,,True,,,,"{'wood': '', 'core': '', 'length': None}",,False,False,,[],False,
1e705d10-aa89-4e9c-94be-478304d55dbb,Tom,[],human,male,,,,True,,,,"{'wood': '', 'core': '', 'length': None}",,False,False,Derek Deadman,['Jim Tavare'],True,
43b2880a-df86-4f55-a599-9cd0548833f4,Doris Crockford,[],human,female,,,,True,,,,"{'wood': '', 'core': '', 'length': None}",,False,False,Nina Young,[],True,
ba19be27-178b-4594-95b7-51ba0e3ba1dd,Quirinus Quirrel,['Professor Quirrel'],human,male,,,,True,,,,"{'wood': 'alder', 'core': 'unicorn hair', 'length': 9}",,False,True,Ian Hart,[],False,
4bd76a78-86d8-40f6-aed4-74fe51783594,Griphook,[],goblin,male,,,,False,,,,"{'wood': '', 'core': '', 'length': None}",,False,False,Verne Troyer,['Warwick Davis'],False,
7b26f1db-7cc5-4b66-9f2f-6bbb04d628b2,Madam Malkin,[],human,female,,,,True,,,,"{'wood': '', 'core': '', 'length': None}",,False,False,,[],True,
ba05fee0-483c-42ed-a8b6-b7a82b6e800a,Vindictus Viridian,[],human,male,,,,True,,,,"{'wood': '', 'core': '', 'length': None}",,False,False,,[],False,
d59691a4-f830-4eb0-a819-a0fb00b7e80f,Garrick Ollivander,[],human,male,,,,True,,"pale, silvery",,"{'wood': 'hornbeam', 'core': 'dragon heartstring', 'length': 12.75}",,False,False,John Hurt,[],True,
6b59be3f-e527-422d-959d-79fcdb3b24eb,Hedwig,[],owl,female,,,,False,,amber,white,"{'wood': '', 'core': '', 'length': None}",,False,False,Gizmo,"['Ook', 'Sprout', 'Kasper', 'Swoops', 'Oh Oh', 'Elmo', 'Bandit']",False,
dfdeddee-63b8-45c6-a594-a74d7e2f786f,Trevor,[],toad,male,,,,False,,black,,"{'wood': '', 'core': '', 'length': None}",,False,False,,[],True,
895be996-d91d-441a-87d0-806d945d14e0,Hermes,[],owl,male,,,,False,,,grey,"{'wood': '', 'core': '', 'length': None}",,False,False,,[],True,
59ffaed8-446f-46b6-bcdc-2ffbf59b11ac,Errol,[],owl,male,,,,False,,,grey,"{'wood': '', 'core': '', 'length': None}",,False,False,,[],True,
aba1bca5-d3e6-4dc7-b431-5b9a16d8cc12,Pigwidgeon,"['Pig', 'Piggy']",owl,male,,,,False,,,grey,"{'wood': '', 'core': '', 'length': None}",,False,False,,[],True,
79e02eb5-17c0-4dd9-bf55-aec03434812c,Molly Weasley,"['Molly Prewett', 'Mollywabbles']",human,female,Gryffindor,,,True,pure-blood,,red,"{'wood': '', 'core': '', 'length': None}",,False,False,Julie Walters,[],True,
8f3b8796-c7b9-442e-ac02-113d48306fc7,Percy Weasley,"['Perce', 'Percy Ignatius Weasley', 'Weatherby']",human,male,Gryffindor,,,True,pure-blood,,red,"{'wood': '', 'core': '', 'length': None}",,True,False,Chris Rankin,[],True,
28741184-263c-4000-b011-ca7c60466ef4,Fred Weasley,[],human,male,Gryffindor,,,True,pure-blood,,red,"{'wood': '', 'core': '', 'length': None}",,True,False,James Phelps,[],False,
2a0615de-8aa4-41e7-9504-dd875f5f3f01,George Weasley,[],human,male,Gryffindor,,,True,pure-blood,,red,"{'wood': '', 'core': '', 'length': None}",,True,False,Oliver Phelps,[],True,
979ab773-944f-4ff8-88be-943a4bc2c18a,Lee Jordan,[],human,male,Gryffindor,,,True,,,,"{'wood': '', 'core': '', 'length': None}",,True,False,Luke Youngblood,[],True,
cd09be4a-1581-4a7e-b4e7-4505e66a68a5,Bill Weasley,['William Arthur Weasley'],human,male,Gryffindor,,,True,pure-blood,,red,"{'wood': '', 'core': '', 'length': None}",,False,False,Richard Fish,['Domhnall Gleeson'],True,
01c62c63-f481-41c0-ab06-189caf3a6a61,Charlie Weasley,['Charles Weasley'],human,male,Gryffindor,,,True,pure-blood,,red,"{'wood': '', 'core': '', 'length': None}",,False,False,Alex Crockford,[],True,
2772994f-6a19-4d01-9993-5e10cc6f69a5,Fat Friar,[],ghost,male,Hufflepuff,,,True,,,,"{'wood': '', 'core': '', 'length': None}",,False,False,Simon Fisher-Becker,[],False,
1ec8a085-d88c-4ba7-a7c6-a0f93156db07,Peeves,[],poltergeist,male,,,,True,,,,"{'wood': '', 'core': '', 'length': None}",,False,False,,[],False,
0af82694-e24f-45ec-a8d7-5bb1199ce631,Hannah Abbott,[],human,female,Hufflepuff,,,True,half-blood,,blonde,"{'wood': '', 'core': '', 'length': None}",,True,False,Charlotte Skeoch,['Louisa Warren'],True,
7cc5e694-850d-4c44-830b-7154e23bb5c3,Susan Bones,[],human,female,Hufflepuff,,,True,,,,"{'wood': '', 'core': '', 'length': None}",,True,False,Eleanor Columbus,['Emma Jayne-Corboz'],True,
9055a7b1-6ac9-4363-977c-4dec78572fad,Terry Boot,[],human,male,Ravenclaw,,,True,,,,"{'wood': '', 'core': '', 'length': None}",,True,False,Kevin Lee Yi,[],True,
c5acae3e-1a05-4f1d-bb83-3f8c7639d84e,Mandy Brocklehurst,[],human,female,Ravenclaw,,,True,,,,"{'wood': '', 'core': '', 'length': None}",,True,False,Christina Petrou,[],True,
f94086b8-03ae-4457-ba2c-e624d0980869,Lavender Brown,[],human,female,Gryffindor,,,True,,,,"{'wood': '', 'core': '', 'length': None}",,True,False,Kathleen Cauley,"['Jennifer Smith', 'Jessie Cave']",True,
14aca981-2b60-413e-8f8e-3534961b534b,Millicent Bulstrode,[],human,female,Slytherin,,,True,,,,"{'wood': '', 'core': '', 'length': None}",,True,False,Helen Stuart,[],True,
34155375-c8c0-415e-873a-b6483f0cbf17,Justin Finch-Fletchley,[],human,male,Hufflepuff,,,True,muggleborn,,,"{'wood': '', 'core': '', 'length': None}",,True,False,Edward Randell,[],True,
1413e1b3-2903-4a47-a2d5-e8abc5ce8014,Seamus Finnigan,"[""O'Flaherty"", 'Seamus Finnegan']",human,male,Gryffindor,,,True,half-blood,,sandy,"{'wood': '', 'core': '', 'length': None}",,True,False,Devon Murray,[],True,
ac4b1b72-bf4b-4034-a638-9b6526756e79,Mrs Finnigan,[],human,female,,,,True,,,sandy,"{'wood': '', 'core': '', 'length': None}",,False,False,,[],True,
856f747e-7617-42a8-9b80-5f0d8df3cb49,Mr Finnigan,[],human,male,,,,False,muggle,,,"{'wood': '', 'core': '', 'length': None}",,False,False,,[],True,
ec714982-e604-40d4-bd4c-dc5155506957,Morag MacDougal,[],human,female,,,,True,,,,"{'wood': '', 'core': '', 'length': None}",,True,False,,[],True,
e32dd37c-91cd-4950-8ef2-e2ba1b87bd75,Lily Moon,[],human,female,,,,True,,,,"{'wood': '', 'core': '', 'length': None}",,True,False,,[],True,
47aa7511-59b9-4760-9bd7-822a1103177b,Theodore Nott,[],human,male,Slytherin,,,True,pure-blood,,,"{'wood': '', 'core': '', 'length': None}",,True,False,,[],True,
343cbce6-6dc2-4fb7-b982-92375a64995f,Mr Nott,[],human,male,,,,True,pure-blood,,,"{'wood': '', 'core': '', 'length': None}",,True,False,Philip Rham,[],True,
2899e63f-ed02-4152-8ace-0270a068a70d,Pansy Parkinson,[],human,female,Slytherin,,,True,,,,"{'wood': '', 'core': '', 'length': None}",,True,False,Genevieve Gaunt,"['Lauren Shotton', 'Scarlett Byrne']",True,
0201cf73-8a86-4358-b232-2abaa23f09af,Parvati Patil,[],human,female,Gryffindor,,,True,,,,"{'wood': '', 'core': '', 'length': None}",,True,False,Sitara Shah,['Shefali Chowdhury'],True,
69c18f6a-cd97-4218-9f2f-740393e6eb1f,Padma Patil,[],human,female,Ravenclaw,,,True,,,,"{'wood': '', 'core': '', 'length': None}",,True,False,Sharon Sandhu,['Afshan Azad'],True,
3d629315-1dbb-4e1e-840d-ffbf45bd5894,Sally-Anne Perks,[],human,female,,,,True,,,,"{'wood': '', 'core': '', 'length': None}",,True,False,,[],True,
eaea5eb3-48a3-41c6-9ea5-c695299bab16,Lisa Turpin,[],human,female,Ravenclaw,,,True,,,,"{'wood': '', 'core': '', 'length': None}",,True,False,,[],True,
1fab149b-52b1-4ffe-be52-4eda25d98f5d,Blaise Zabini,[],human,male,Slytherin,,,True,,,,"{'wood': '', 'core': '', 'length': None}",,True,False,Louis Cordice,[],True,
11b5ca88-64ad-41a4-9f36-317b66c290af,Nearly Headless Nick,"['Sir Nicholas de Mimsy-Porpington', 'Sir Nicholas', 'Nick']",ghost,male,Gryffindor,,,True,,,,"{'wood': '', 'core': '', 'length': None}",,False,False,John Cleese,[],False,
9a33fe44-b950-4877-a0cb-902a52c72e8b,Bloody Baron,[],ghost,male,Slytherin,,,True,,,,"{'wood': '', 'core': '', 'length': None}",,False,False,Terence Bayler,[],False,
45ca6279-6b41-4137-b38c-9547902aa0ce,The Wailing Widow,[],ghost,female,,,,True,,,,"{'wood': '', 'core': '', 'length': None}",,False,False,,[],False,
8392b326-31fd-43de-ad5c-0cfcf81b82ee,Fat Lady,[],human,female,,,,True,,,,"{'wood': '', 'core': '', 'length': None}",,False,False,Elizabeth Spriggs,['Dawn French'],False,
e8694719-a975-48fb-9523-f4cade1c38aa,Pomona Sprout,['Professor Sprout'],human,female,Hufflepuff,,,True,,,,"{'wood': '', 'core': '', 'length': None}",,False,True,Miriam Margolyes,[],True,
6ea188f3-d95c-407c-ab00-a0bec8678a71,Cuthbert Binns,['Professor Binns'],ghost,male,,,,True,,,,"{'wood': '', 'core': '', 'length': None}",,False,True,,[],False,
c1f90a1e-33eb-4e60-8dac-15ea5855a996,Emeric the Evil,[],human,male,,,,True,,,,"{'wood': '', 'core': '', 'length': None}",,False,False,,[],False,
4cc138eb-6882-4b78-bf45-28f0041590fb,Uric the Oddball,[],human,male,,,,True,,,,"{'wood': '', 'core': '', 'length': None}",,False,False,,[],False,
a61e0783-7914-4f8d-a800-c409c06315cf,Filius Flitwick,['Professor Flitwick'],human,male,Ravenclaw,,,True,,,,"{'wood': '', 'core': '', 'length': None}",,False,True,Warwick Davis,[],True,
0a81c4f9-b80d-45a7-a4fd-9191453815a1,Madam Hooch,['Rolanda Hooch'],human,female,,,,True,,yellow,grey,"{'wood': '', 'core': '', 'length': None}",,False,True,Zoë Wanamaker,[],True,
09396e81-d317-499f-b330-25b90ba17d20,Oliver Wood,[],human,male,,,,True,,,,"{'wood': '', 'core': '', 'length': None}",,True,False,Sean Biggerstaff,[],True,
2ae8e574-9154-459c-b92e-4b0d1267e573,Gregory the Smarmy,[],human,male,,,,True,,,,"{'wood': '', 'core': '', 'length': None}",,False,False,,[],False,
0112e668-f94d-4d5f-8fa8-99c45280e9a8,Wizard Baruffio,[],human,male,,,,True,,,,"{'wood': '', 'core': '', 'length': None}",,False,False,,[],False,
b634f0a1-7b48-49b6-b039-27f947ee76fd,Angelina Johnson,[],human,female,Gryffindor,,,True,,,,"{'wood': '', 'core': '', 'length': None}",,True,False,Danielle Tabor,['Tiana Benjamin'],True,
0e42ecbe-27b2-4940-9b03-00182a92c415,Marcus Flint,[],human,male,Slytherin,,,True,,,,"{'wood': '', 'core': '', 'length': None}",,True,False,Jamie Yeates,[],True,
c29cd5f9-d2c3-4be9-ba1c-04169cdf511b,Alicia Spinet,[],human,female,Gryffindor,,,True,,,,"{'wood': '', 'core': '', 'length': None}",,True,False,Leilah Sutherland,['Rochelle Douglas'],True,
2832bea8-7aad-4160-a748-442f5770d586,Katie Bell,[],human,female,Gryffindor,,,True,,,,"{'wood': '', 'core': '', 'length': None}",,True,False,Emily Dale,['Georgina Leonidas'],True,
b78e6677-8bb4-4eb7-97cb-2f86677e27ea,Adrian Pucey,[],human,male,Slytherin,,,True,,,,"{'wood': '', 'core': '', 'length': None}",,True,False,Scot Fearn,[],True,
c8aed011-ab8f-46df-9e8d-dde938256ea9,Miles Bletchley,[],human,male,Slytherin,,,True,,,,"{'wood': '', 'core': '', 'length': None}",,True,False,David Churchyard,['Amy Puglia'],True,
9ac09267-92ea-444a-a395-28f3b0f6fe6f,Terence Higgs,[],human,male,Slytherin,,,True,,,,"{'wood': '', 'core': '', 'length': None}",,True,False,Will Theakston,[],True,
45819bd4-ae30-4bd4-b24f-5dd11d16ffda,Fang,[],dog,male,,,,False,,,black,"{'wood': '', 'core': '', 'length': None}",,False,False,Hugo,"['Bully', 'Bella', 'Vito', 'Luigi', 'Monkey', 'Uno']",True,
40e0acaa-30cd-4923-8408-9a96a484e892,Fluffy,[],three-headed dog,male,,,,False,,,,"{'wood': '', 'core': '', 'length': None}",,False,False,,[],True,
b93b8e74-c283-4547-8a69-83ee51657f13,Nicolas Flamel,[],human,male,,,,True,,,,"{'wood': '', 'core': '', 'length': None}",,False,False,Brontis Jodorowsky,[],False,
f6901cd9-a7b2-49d0-af85-73678536b4df,Gellert Grindelwald,[],human,male,,,,True,,blue,blond,"{'wood': '', 'core': '', 'length': None}",,False,False,Jamie Campbell Bower,"['Michael Byrne', 'Johnny Depp', 'Mads Mikkelsen']",False,
5e4d5e25-5393-435b-81c8-556fa78af659,Norberta,['Norbert'],dragon,female,,,,False,,orange,,"{'wood': '', 'core': '', 'length': None}",,False,False,,[],True,
f94e870e-2c3b-4e17-adea-088660b6de78,Ronan,[],centaur,male,,,,False,,,red,"{'wood': '', 'core': '', 'length': None}",,False,False,,[],True,
484d89aa-5d22-4d4d-9e07-4913cf8d4d20,Bane,[],centaur,male,,,,False,,,,"{'wood': '', 'core': '', 'length': None}",,False,False,Jason Piper,['Nuno Silva'],True,
68eb4a0b-6c49-44e9-aec8-5af947d22141,Firenze,['Professor Firenze'],centaur,male,,,,False,,blue,blond,"{'wood': '', 'core': '', 'length': None}",,False,True,Ray Fearon,[],True,
d9a33169-462b-41f0-9da3-a8ca04c30736,The Giant Squid,[],cephalopod,,,,,False,,,,"{'wood': '', 'core': '', 'length': None}",,False,False,,[],True,
629c375a-d126-4df4-8f8e-ed63360ecc97,Murcus,['Merchieftainess Murcus'],selkie,female,,,,False,,yellow,green,"{'wood': '', 'core': '', 'length': None}",,False,False,,[],True,
c8f7f244-97ac-449e-922d-a30f063a1ad0,Elfrick the Eager,[],goblin,male,,,,False,,,,"{'wood': '', 'core': '', 'length': None}",,False,False,,[],False,
bd687632-3bec-4071-952d-c6cb813a41e7,Perenelle Flamel,[],human,female,,,,True,,,,"{'wood': '', 'core': '', 'length': None}",,False,False,,[],False,
4c1adea5-3421-49a9-8e3e-a3ff0fe7ce60,Bertie Bott,[],human,male,,,,True,,,,"{'wood': '', 'core': '', 'length': None}",,False,False,,[],True,
0d8ea37f-35c4-4c7d-9dd2-8ccd96b0a2b3,Dobby,[],house-elf,male,,,,False,,green,,"{'wood': '', 'core': '', 'length': None}",,False,False,Toby Jones,[],False,
ecd3572f-0694-41cc-a59d-392dc3922212,Kreacher,[],house-elf,male,,,,False,,,white,"{'wood': '', 'core': '', 'length': None}",,False,False,Timothy Bateson,['Simon McBurney'],False,
cd022893-b7ea-4bd8-a4fb-c9933c695813,Mr Mason,[],human,male,,,,False,muggle,,,"{'wood': '', 'core': '', 'length': None}",,False,False,Jim Norton,[],True,
1c520134-9f75-48a9-b3c7-6c31ffa86178,Mrs Mason,[],human,female,,,,False,muggle,,,"{'wood': '', 'core': '', 'length': None}",,False,False,Veronica Clifford,[],True,
e3f5217d-52b5-4d7b-9a40-faed18a98d3c,Perkins,[],human,male,,,,True,,,white,"{'wood': '', 'core': '', 'length': None}",,False,False,,[],True,
fa09ab9d-9e65-4966-9d79-ea7c837348fb,Celestina Warbeck,[],human,female,Gryffindor,,,True,half-blood,,,"{'wood': 'larch', 'core': 'phoenix feather', 'length': 10.5}",,False,False,,[],True,
3d687c4d-852e-470f-bac5-5a02758b1f8f,Gilderoy Lockhart,['Professor Lockhart'],human,male,,,,True,half-blood,blue,blond,"{'wood': 'cherry', 'core': 'dragon heartstring', 'length': 9}",,False,True,Kenneth Branagh,[],True,
f5b414bc-d173-459c-bfae-177ca4a8b171,The Basilisk,[],serpent,,,,,False,,yellow,,"{'wood': '', 'core': '', 'length': None}",,False,False,,[],False,
17bd1ab9-19bc-4796-8865-53e75e3b488d,Mundungus Fletcher,['Dung'],human,male,,,,True,,,ginger,"{'wood': '', 'core': '', 'length': None}",,False,False,Andy Linden,[],True,
d74336b1-cee5-4d25-a783-bf61dbb6c19a,Mr Borgin,[],human,male,,,,True,,,,"{'wood': '', 'core': '', 'length': None}",,False,False,Edward Tudor-Pole,[],True,
c9804c5b-943b-4710-8f95-0c3b40141007,Mr Granger,['Wendell Wilkins'],human,male,,,,False,muggle,,,"{'wood': '', 'core': '', 'length': None}",,False,False,Tom Knight,['Ian Kelly'],True,
895e355a-c017-4eba-bc72-dda0699c0b96,Mrs Granger,['Monica Wilkins'],human,female,,,,False,muggle,,,"{'wood': '', 'core': '', 'length': None}",,False,False,Heather Bleasdale,['Michelle Fairley'],True,
c0f33c97-d01d-42ed-ae40-1a525f75bb01,Dr Filibuster,[],human,male,,,,True,,,,"{'wood': '', 'core': '', 'length': None}",,False,False,,[],True,
8e557e86-28d5-433f-8ac1-d2cecfeb8fb7,Colin Creevey,[],human,male,Gryffindor,,,True,muggleborn,,,"{'wood': '', 'core': '', 'length': None}",,True,False,Hugh Mitchell,[],False,
8d885bd9-6103-424b-b884-c26720a64d94,Gladys Gudgeon,[],human,female,,,,True,,,,"{'wood': '', 'core': '', 'length': None}",,False,False,,[],True,
a4e18c27-077a-441a-b9a9-97ee9ba53224,Veronica Smethley,[],human,female,,,,True,,,,"{'wood': '', 'core': '', 'length': None}",,False,False,,[],True,
e938023d-ba03-402a-b6ff-ecadc0ff4dbb,Patrick Delaney-Podmore,['Sir Patrick Delaney-Podmore'],ghost,male,,,,True,,,,"{'wood': '', 'core': '', 'length': None}",,False,False,,[],False,
8d018f5d-8370-41c8-8aa4-8b8a815ec801,Z. Nettles,[],human,female,,,,True,,,,"{'wood': '', 'core': '', 'length': None}",,False,False,,[],True,
50f9e638-fa69-4c97-ba2c-bfc7124b7818,D.J. Prod,['Demetrius J. Prod'],human,male,,,,True,,,,"{'wood': '', 'core': '', 'length': None}",,False,False,Chris Wilson,[],False,
98a5a56d-91a6-4c32-b793-f97e83919bde,Elsie Prod,[],human,female,,,,True,,,,"{'wood': '', 'core': '', 'length': None}",,False,False,,[],True,
9969f803-6835-4871-80b3-7bb975c1ec06,Moaning Myrtle,['Myrtle Elizabeth Warren'],ghost,female,Ravenclaw,,,True,muggleborn,,,"{'wood': '', 'core': '', 'length': None}",,False,False,Shirley Henderson,[],False,
834d5f9b-cdd8-48ee-9efa-5e155422f6c2,Godric Gryffindor,[],human,male,,,,True,,,,"{'wood': '', 'core': '', 'length': None}",,False,False,,[],False,
575626ab-cf61-440e-88a0-db188abb1cbb,Rowena Ravenclaw,[],human,female,,,,True,,,,"{'wood': '', 'core': '', 'length': None}",,False,False,,[],False,
a7c7c44d-07e4-4257-860e-375f47338cb2,Helga Hufflepuff,[],human,female,,,,True,,,,"{'wood': '', 'core': '', 'length': None}",,False,False,,[],False,
20d331c9-cd3e-4dde-a480-6cc05cd26db7,Salazar Slytherin,[],human,male,,,,True,,,,"{'wood': '', 'core': '', 'length': None}",,False,False,,[],False,
cdec9b95-c7a5-4623-ad12-6fa76d168588,Madame Pince,['Irma Pince'],human,female,,,,True,,,,"{'wood': '', 'core': '', 'length': None}",,False,True,Sally Mortemore,[],True,
ecca342d-d345-4fb3-8a85-ece848ab8938,Milicent Bullstroude,[],human,female,Slytherin,,,True,,,black,"{'wood': '', 'core': '', 'length': None}",,True,False,Helen Stuart,[],True,
0c80d701-fa23-4126-9711-efe5f3c4789a,Ernie Macmillan,['Ernest Macmillan'],human,male,Hufflepuff,,,True,,,blond,"{'wood': '', 'core': '', 'length': None}",boar,True,False,Louis Doyle,[],True,
7cf58a76-8af2-4ebb-9264-ea0ac273eadc,Armando Dippet,['Professor Dippet'],human,male,,,,True,,,white,"{'wood': '', 'core': '', 'length': None}",,False,False,Alfred Burke,[],False,
42915280-ba56-4ab8-8b17-9511ba2ab093,Penelope Clearwater,['Penny'],human,female,Ravenclaw,,,True,,,,"{'wood': '', 'core': '', 'length': None}",,True,False,Gemma Padley,[],True,
3ba61708-c5a2-4691-8c7a-9c0865575dba,Cornelius Fudge,['Minister Cornelius Oswald Fudge'],human,male,,,,True,,,grey,"{'wood': '', 'core': '', 'length': None}",,False,False,Robert Hardy,[],True,
7eb08ad7-b452-40ec-969a-32443f66a171,Oblansk,['Obalonsk'],human,male,,,,True,,,,"{'wood': '', 'core': '', 'length': None}",,False,False,,[],True,
a08aebd0-49fb-4d5d-b3db-52bf8f7ce594,Aragog,[],acromantula,male,,,,False,,white,brown,"{'wood': '', 'core': '', 'length': None}",,False,False,Julian Glover,[],False,
82a29e30-1321-47b8-813f-2710f885b7d2,Mosag,[],acromantula,female,,,,False,,black,brown,"{'wood': '', 'core': '', 'length': None}",,False,False,,[],True,
3f0fc32c-744b-4351-8542-58ed267e059b,Stanley Shunpike,['Stan'],human,male,,,,True,,,,"{'wood': '', 'core': '', 'length': None}",,False,False,Lee Ingleby,[],True,
a62905eb-4965-44c7-baf0-0d8a2486f5b0,Ernest Prang,['Ernie'],human,male,,,,True,,,,"{'wood': '', 'core': '', 'length': None}",,False,False,Jimmy Gardner,[],True,
cfce8b1b-64c9-4058-8e13-9b192b80d2ef,Madam Marsh,[],human,female,,,,True,,,,"{'wood': '', 'core': '', 'length': None}",,False,False,,[],True,
7673c196-9187-49ea-a3f0-7cebc079a15a,Florean Fortescue,[],human,male,,,,True,,,,"{'wood': '', 'core': '', 'length': None}",,False,False,,[],False,
c7121c73-1fce-4343-b823-a67f4ecfdef2,Sir Cadogan,[],human,male,,,,True,,,,"{'wood': '', 'core': '', 'length': None}",,False,False,Paul Whitehouse,[],False,
8ea29415-012d-4781-ba5f-d0de63a05abe,Sybill Trelawney,"['Sybill Patricia Trelawney', 'Professor Trelawney']",human,female,,,,True,,,,"{'wood': 'hazel', 'core': 'unicorn hair', 'length': 9.5}",,False,True,Emma Thompson,[],True,
fa4f7f3a-947b-4bc1-bab2-c7a19c7c2c30,Buckbeak,"['Beaky', 'Witherwings']",hippogriff,male,,,,False,,orange,,"{'wood': '', 'core': '', 'length': None}",,False,False,,[],True,
1b6c8547-294a-40c0-892b-63a9511ca7d7,Peter Pettigrew,"['Wormtail', 'Scabbers', 'Wormy']",human,male,Gryffindor,,,True,,,,"{'wood': 'chestnut', 'core': 'dragon heartstring', 'length': 9.25}",,False,False,Timothy Spall,['Charles Hughes'],False,
c8025d43-ad41-4ac2-95b3-00af18a2d843,Crookshanks,[],cat,male,,,,False,,yellow,ginger,"{'wood': '', 'core': '', 'length': None}",,False,False,Crackerjack,"['Prince', 'Pumpkin']",True,
6537b3ec-eb39-4243-8977-237d8afae058,The Trolley Witch,[],human,female,,,,True,,dark,grey,"{'wood': '', 'core': '', 'length': None}",,False,False,Jean Southern,['Margery Mason'],True,
ca888b7c-456e-4ad4-a344-9d68de4ff5d6,The Sorting Hat,[],hat,,,,,True,,,,"{'wood': '', 'core': '', 'length': None}",,False,False,Leslie Phillips,[],True,
113d2cd5-4d5c-4727-ae97-64a7dfc4423c,Madam Rosmerta,[],human,female,,,,True,,,,"{'wood': '', 'core': '', 'length': None}",,False,False,Julie Christie,[],True,
eb96189d-e2b6-4159-a357-c6cdf11f3631,Derek,[],human,male,,,,True,,,,"{'wood': '', 'core': '', 'length': None}",,True,False,,[],True,
58f2cf41-392c-4e84-b441-dbbce585f78d,Septima Vector,['Professor Vector'],human,female,,,,True,,,,"{'wood': '', 'core': '', 'length': None}",,False,True,,[],True,
c61b5c80-2c8e-404f-88ca-349a6344f35c,Cassius Warrington,[],human,male,Slytherin,,,True,,,,"{'wood': '', 'core': '', 'length': None}",,True,False,Ashley Hull,[],True,
e7f4554e-8193-4b16-a40b-a8b38a0c3e57,Graham Montague,[],human,male,Slytherin,,,True,,,,"{'wood': '', 'core': '', 'length': None}",,True,False,,[],True,
458828b3-82a5-4cad-a784-e23215825765,Peregrine Derrick,[],human,male,Slytherin,,,True,,,,"{'wood': '', 'core': '', 'length': None}",,True,False,,[],True,
58a287c2-8c7a-485a-b095-8c6dcfc7f31d,Lucian Bole,[],human,male,Slytherin,,,True,,,,"{'wood': '', 'core': '', 'length': None}",,True,False,,[],True,
f677db35-cef6-466f-a0e4-548d0a274ec5,Walden Macnair,[],human,male,Slytherin,,,True,,,black,"{'wood': '', 'core': '', 'length': None}",,False,False,Peter Best,[],True,
08aefb5c-2a7c-42e1-a6ac-7f150749aa2a,Franc Bryce,[],human,male,,,,False,muggle,,,"{'wood': '', 'core': '', 'length': None}",,False,False,Eric Sykes,[],False,
da0c8c39-04e1-4899-b562-e69c21218e2a,Dot,[],human,female,,,,False,muggle,,,"{'wood': '', 'core': '', 'length': None}",,False,False,,[],False,
8c3a1d16-83be-4904-b074-476f8cf72198,Bertha Jorkins,[],human,female,,,,True,,,,"{'wood': '', 'core': '', 'length': None}",,False,False,,[],False,
70d665a5-35c9-43a8-a2b0-ef20ddfc3770,Barty Crouch,['Bartemius Crouch Senior'],human,male,,,,True,pure-blood,,,"{'wood': '', 'core': '', 'length': None}",,False,False,Roger Lloyd-Pack,[],False,
47213655-b48e-46a4-9e1f-adf6e3c5ceb8,Barty Crouch Junior,['Bartemius Crouch Junior'],human,male,,,,True,,,blond,"{'wood': '', 'core': '', 'length': None}",,False,False,David Tennant,[],True,
a9f81472-647b-4e28-ae82-6eaebed0a523,Mrs Crouch,[],human,female,,,,True,,,,"{'wood': '', 'core': '', 'length': None}",,False,False,,[],False,
13f1edc7-e2e2-4f3d-9637-f3e897a484b7,Ludo Bagman,['Ludovic Bagman'],human,male,,,,True,,blue,blond,"{'wood': '', 'core': '', 'length': None}",,False,False,,[],True,
d9294c96-bd7d-45d0-95e2-deaf71e09945,Amos Diggory,[],human,male,,,,True,,,brown,"{'wood': '', 'core': '', 'length': None}",,False,False,Jeff Rawle,[],True,
c823ba3c-1c0c-4916-8c3a-43b4719eff5c,Mrs Diggory,[],human,female,,,,True,,,,"{'wood': '', 'core': '', 'length': None}",,False,False,,[],True,
2d25ada6-801e-4943-acca-adffc942820b,Mr Roberts,[],human,male,,,,False,muggle,,,"{'wood': '', 'core': '', 'length': None}",,False,False,,[],True,
007484ab-9a1f-4a6c-a219-21a626a215d4,Mrs Roberts,[],human,female,,,,False,muggle,,,"{'wood': '', 'core': '', 'length': None}",,False,False,,[],True,
6997fac6-0bbf-434b-af95-eff4b9f1fd33,Kevin,[],human,male,,,,True,,,,"{'wood': '', 'core': '', 'length': None}",,False,False,,[],True,
8f3f55ac-99d5-4a01-a0a3-f43ca5052596,Mr Payne,[],human,male,,,,False,muggle,,,"{'wood': '', 'core': '', 'length': None}",,False,False,,[],True,
10460839-62ce-426b-b690-2c82f8c65869,Basil,[],human,male,,,,True,,,,"{'wood': '', 'core': '', 'length': None}",,False,False,,[],True,
941c0d0c-ec0d-4c32-af0d-bcf8af84d584,Archie Aymslowe,[],human,male,,,,True,,,,"{'wood': '', 'core': '', 'length': None}",,False,False,,[],True,
0c19c654-d363-42a1-bd8f-13bd35dad075,Cuthbert Mockridge,[],human,male,,,,True,,,,"{'wood': '', 'core': '', 'length': None}",,False,False,,[],True,
ca8a41e3-1f20-4c28-bc8a-b1831206edf5,Gilbert Wimple,[],human,male,,,,True,,,,"{'wood': '', 'core': '', 'length': None}",,False,False,,[],True,
6777feda-2318-4605-ba0e-1a6fd5fc2e7f,Arnold Peasegood,[],human,male,,,,True,,,,"{'wood': '', 'core': '', 'length': None}",,False,False,,[],True,
cb49285e-1dcb-413e-905b-2a883ac35ddc,Broderick Bode,[],human,male,,,,True,,,,"{'wood': '', 'core': '', 'length': None}",,False,False,,[],False,
391546f6-d357-43e1-8072-98a8548d4902,Saul Croaker,[],human,male,,,,True,,,,"{'wood': '', 'core': '', 'length': None}",,False,False,,[],True,
91142fb9-dc92-4f6f-8504-5498916f07a6,Ali Bashir,[],human,male,,,,True,,,,"{'wood': '', 'core': '', 'length': None}",,False,False,,[],True,
b7b18aa1-b5a0-4083-8142-cb3655bc2849,Victor Krum,[],human,male,,,,True,,dark,dark,"{'wood': 'hornbeam', 'core': 'dragon heartstring', 'length': 10.25}",,False,False,Stanislav Ianevski,[],True,
45d6db91-393e-40e0-8c04-43cb598fb9e5,Winky,[],house-elf,female,,,,False,,,,"{'wood': '', 'core': '', 'length': None}",,False,False,,[],True,
166ba5e0-ad04-4c7e-9850-6a21aede93c2,Narcissa Malfoy,['Cissy'],human,female,,,,True,pure-blood,blue,blonde,"{'wood': '', 'core': '', 'length': None}",,False,False,Helen McCrory,[],True,
110a6a98-78c5-420a-b9b6-d25af10ddc4e,Vasily Dimitrov,[],human,male,,,,True,,,,"{'wood': '', 'core': '', 'length': None}",,False,False,,[],True,
3e9461c1-4262-4beb-8c48-ca8a46a8859b,Clara Ivanova,[],human,female,,,,True,,,,"{'wood': '', 'core': '', 'length': None}",,False,False,,[],True,
6a094c72-e53b-4e21-adc3-8c54fb205c1d,Lev Zograf,[],human,male,,,,True,,,,"{'wood': '', 'core': '', 'length': None}",,False,False,,[],True,
5c913cb2-e964-4172-b8ce-a0550d2734df,Alexei Levski,[],human,male,,,,True,,,,"{'wood': '', 'core': '', 'length': None}",,False,False,,[],True,
5161ffa8-9c86-4500-9533-4c805eb69a61,Pyotr Vulchanov,[],human,male,,,,True,,,,"{'wood': '', 'core': '', 'length': None}",,False,False,,[],True,
a6a27c4f-9bbd-4bf9-89b2-f62171ae9a37,Ivan Volkov,[],human,male,,,,True,,,,"{'wood': '', 'core': '', 'length': None}",,False,False,,[],True,
29db34fe-8f85-4fc0-accf-642d025de301,Connolly,[],human,male,,,,True,,,,"{'wood': '', 'core': '', 'length': None}",,False,False,,[],True,
9fd63149-724d-4a80-9761-6db7394575c0,Barry Ryan,[],human,male,,,,True,,,,"{'wood': '', 'core': '', 'length': None}",,False,False,,[],True,
311850b1-2d4d-4e29-b115-9488cc554415,Troy,[],human,male,,,,True,,,,"{'wood': '', 'core': '', 'length': None}",,False,False,,[],True,
0bdbed6e-7690-4326-99cc-86de89dc4a58,Mullet,[],human,female,,,,True,,,,"{'wood': '', 'core': '', 'length': None}",,False,False,,[],True,
8b225672-8f2a-4a11-829b-3b42d082aff0,Moran,[],human,female,,,,True,,,,"{'wood': '', 'core': '', 'length': None}",,False,False,,[],True,
2bbc36f9-914c-45c7-b61e-1003f2ac728f,Quigley,[],human,male,,,,True,,,,"{'wood': '', 'core': '', 'length': None}",,False,False,,[],True,
559719e0-c54d-4589-8485-2dc865581001,Aidan Lynch,[],human,male,,,,True,,,,"{'wood': '', 'core': '', 'length': None}",,False,False,,[],True,
53ed1c30-a5dc-4b1b-aa0d-3da881b0ddc2,Hassan Mostafa,[],human,male,,,,True,,,,"{'wood': '', 'core': '', 'length': None}",,False,False,,[],True,
a93b80a0-987d-4148-944d-16043df95e8c,Dennis Creevey,[],human,male,,,,True,muggleborn,,brown,"{'wood': '', 'core': '', 'length': None}",,True,False,,[],True,
99d3ce6b-6a45-495a-a7c6-132203697d45,Aurora Sinistra,['Professor Sinistra'],human,female,,,,True,,,,"{'wood': '', 'core': '', 'length': None}",,False,True,,[],True,
05bd5fd1-f347-45e6-8ec0-59b7f11c2aec,Stewart Ackerley,[],human,male,Ravenclaw,,,True,,,,"{'wood': '', 'core': '', 'length': None}",,True,False,,[],True,
2f8db183-e935-4b91-884f-fb9effe42ab8,Malcolm Baddock,[],human,male,Slytherin,,,True,,,,"{'wood': '', 'core': '', 'length': None}",,True,False,,[],True,
29adbbf0-417a-4c97-8467-adb5341f75e5,Eleanor Branstone,[],human,female,Hufflepuff,,,True,,,,"{'wood': '', 'core': '', 'length': None}",,True,False,,[],True,
98546bab-8d5b-4627-95f6-38e306d58a91,Owen Cauldwell,[],human,male,Hufflepuff,,,True,,,,"{'wood': '', 'core': '', 'length': None}",,True,False,,[],True,
cf3707ad-e816-4b54-90d0-403800a06ecd,Emma Dobbs,[],human,female,,,,True,,,,"{'wood': '', 'core': '', 'length': None}",,True,False,,[],True,
ae068570-8419-4063-bf61-ba4a0ef41fe3,Laura Madley,[],human,female,Hufflepuff,,,True,,,,"{'wood': '', 'core': '', 'length': None}",,True,False,,[],True,
48880498-3903-4914-bd11-ec650d803199,Natalie McDonald,[],human,female,Gryffindor,,,True,,,,"{'wood': '', 'core': '', 'length': None}",,True,False,,[],True,
a506574f-c8cf-46c6-a8ac-2f805c25e49e,Graham Pritchard,[],human,male,Slytherin,,,True,,,,"{'wood': '', 'core': '', 'length': None}",,True,False,,[],True,
b01be346-290b-4f65-9c88-a49922e116ee,Orla Quirke,[],human,female,Ravenclaw,,,True,,,,"{'wood': '', 'core': '', 'length': None}",,True,False,,[],True,
4eef1e03-cf1c-4441-9119-a6e47a61f880,Kevin Whitby,[],human,male,Hufflepuff,,,True,,,,"{'wood': '', 'core': '', 'length': None}",,True,False,,[],True,
13a54f8a-7f68-4add-a1b4-49f60c8e7bcc,Eloise Midgen,[],human,female,Gryffindor,,,True,,,,"{'wood': '', 'core': '', 'length': None}",,True,False,Samantha Clinch,[],True,
41ebe856-f0f4-4c77-8795-4735d3a87f3d,Alastor Moody,"['Professor Moody', 'Mad-Eye']",human,male,,,,True,pure-blood,dark,grey,"{'wood': '', 'core': '', 'length': None}",,False,True,Brendan Gleeson,[],False,
b4dbc2d2-afde-40ec-a622-b1ffa6aaca4d,Madame Maxime,['Olympe Maxime'],half-giant,female,,,,True,,,,"{'wood': '', 'core': '', 'length': None}",,False,False,Frances de la Tour,['Ian Whyte'],True,
72239274-a060-4fd5-bff2-7d4a01d31969,Igor Karkaroff,[],human,male,,,,True,,blue,silver,"{'wood': '', 'core': '', 'length': None}",,False,False,Predrag Bjelac,[],False,
2ec7c04f-2aac-47e8-9f9c-2360b2884ac2,Poliakoff,[],human,male,,,,True,,,,"{'wood': '', 'core': '', 'length': None}",,False,False,,[],True,
6045a853-10f3-4d6d-a29d-b76c5972f264,Fawcett,[],human,female,Ravenclaw,,,True,,,,"{'wood': '', 'core': '', 'length': None}",,True,False,Alex Argenti,[],True,
0a6a1c41-793f-419c-a133-be6ac7d80ab6,Summers,[],human,male,Hufflepuff,,,True,,,,"{'wood': '', 'core': '', 'length': None}",,True,False,,[],True,
f1beae08-3bec-4978-89e9-4ecda4ec7514,Fleur Delacour,[],human,female,,,,True,,blue,blonde,"{'wood': '', 'core': '', 'length': None}",,False,False,Clémence Poésy,[],True,
d254b20b-37a6-4468-bec9-6069754edaf2,Gregorovic,['Mykew Gregorovitch'],human,male,,,,True,,,white,"{'wood': '', 'core': '', 'length': None}",,False,False,Rade Šerbedžija,[],False,
2844e38c-ded3-47e7-8de2-381d1e3581fc,Rita Skeeter,[],human,female,,,,True,,,blonde,"{'wood': '', 'core': '', 'length': None}",,False,False,Miranda Richardson,[],True,
f4b817be-f0c1-457d-8ec4-1716652d0c06,Stebbins,[],human,male,Ravenclaw,,,True,,,,"{'wood': '', 'core': '', 'length': None}",,True,False,,[],True,
b48c5b8a-4066-4c24-ba26-7677f5ed2b6f,Wilhelmina Grubbly-Plank,['Professor Grubbly-Plank'],human,female,,,,True,,,grey,"{'wood': '', 'core': '', 'length': None}",,False,True,Apple Brook,[],True,
8ace1b0d-b058-4e44-994b-8dc2aa3427a5,Bozo,[],human,male,,,,True,,,,"{'wood': '', 'core': '', 'length': None}",,False,False,Peter O'Farrell,['Robert Wilfort'],True,
4a2339cf-de3d-4e3c-899e-59d0a4c7606f,Evan Rosier,[],human,male,Slytherin,,,True,,,,"{'wood': '', 'core': '', 'length': None}",,False,False,,[],False,
d4a0a760-a318-4c62-a110-6533c28c57ba,Wilkes,[],human,male,Slytherin,,,True,,,,"{'wood': '', 'core': '', 'length': None}",,False,False,,[],False,
30d850c1-637b-41d7-a57a-e97b81216858,Avery,[],human,male,Slytherin,,,True,,,,"{'wood': '', 'core': '', 'length': None}",,False,False,Richard Rosson,[],True,
de6c8669-ce5b-4b03-b2f4-e8ea20742a58,Antonin Dolohov,[],human,male,,,,True,,,dark,"{'wood': '', 'core': '', 'length': None}",,False,False,Arben Bajraktaraj,[],True,
6a7090ae-b6ab-49a0-bd19-e24acb219426,Travers,[],human,male,,,,True,,,grey,"{'wood': '', 'core': '', 'length': None}",,False,False,Tav MacDougall,[],True,
f012a686-0aa8-47f6-96e3-0cf1577cad18,Marlene McKinnon,[],human,female,,,,True,,,,"{'wood': '', 'core': '', 'length': None}",,False,False,,[],False,
070e077a-2b02-44c0-80c1-f63817ee4a33,Mulciber,[],human,male,Slytherin,,,True,,,,"{'wood': '', 'core': '', 'length': None}",,False,False,,[],True,
dd3b2fbe-e9f2-4069-b881-9c31040ed9ae,Augustus Rookwood,[],human,male,,,,True,,,,"{'wood': '', 'core': '', 'length': None}",,False,False,Richard Trinder,[],True,
d0d1b648-4e97-4fd0-9045-b721b6ef18d4,Frank Longbottom,[],human,male,,,,True,pure-blood,,,"{'wood': '', 'core': '', 'length': None}",,False,False,James Payton,[],True,
27a51041-06a0-4f86-adb1-983ebfac708a,Alice Longbottom,[],human,female,,,,True,pure-blood,,white,"{'wood': '', 'core': '', 'length': None}",,False,False,Lisa Wood,[],True,
b5e2cf01-8bb6-4fcd-ad88-0efb611195da,Augusta Longbottom,[],human,female,,,,True,pure-blood,,,"{'wood': '', 'core': '', 'length': None}",,False,False,Leila Hoffman,[],True,
87f71cce-7a3d-498c-8a0b-ff90f96cb820,Violet,[],human,female,,,,True,,,,"{'wood': '', 'core': '', 'length': None}",,False,False,,[],False,
f59b1911-61ed-495a-8746-31b215a447f1,Apollyon Pringle,[],human,male,,,,True,,,,"{'wood': '', 'core': '', 'length': None}",,False,False,,[],True,
47fa1849-f127-47ba-8248-656f9b569e3f,Ogg,[],human,male,,,,True,,,,"{'wood': '', 'core': '', 'length': None}",,False,False,,[],True,
d1d4f6bb-be3c-4bf7-8f6b-824f4e3fa255,Mafalda Hopkirk,[],human,female,,,,True,,hazel,grey,"{'wood': '', 'core': '', 'length': None}",,False,False,Jessica Hynes,[],True,
99370b33-d5a7-465b-91b1-55ef2a40182b,Nymphadora Tonks,"['Dora', 'Nymphadora Lupin']",human,female,Hufflepuff,,,True,,,brown,"{'wood': '', 'core': '', 'length': None}",,False,False,Natalia Tena,[],False,
1bb1f2d3-a22d-4f88-b26b-75e18a805ae8,Elphias Doge,[],human,male,,,,True,pure-blood,blue,silver,"{'wood': '', 'core': '', 'length': None}",,False,False,Peter Cartwright,[],True,
9a2979bd-0325-4316-bc71-ec4cfe673dca,Dedalus Diggle,[],human,male,,,,True,,,,"{'wood': '', 'core': '', 'length': None}",,False,False,David Brett,[],True,
3f335cbf-3706-4b21-bf2e-bce7d0126f8f,Sturgis Podmore,[],human,male,,,,True,,,blond,"{'wood': '', 'core': '', 'length': None}",,False,False,,[],True,
5c87063c-ad61-4e65-8b2e-5fb69fc39c4e,Hestia Jones,[],human,female,,,,True,,,black,"{'wood': '', 'core': '', 'length': None}",,False,False,,[],True,
c9c3927e-9858-477f-8847-db5d62841ab6,Ragnok,[],goblin,male,,,,False,,,,"{'wood': '', 'core': '', 'length': None}",,False,False,,[],True,
a64df82a-1131-46cb-ae94-659dadec66e5,Alphard Black,[],human,male,Slytherin,,,True,pure-blood,,,"{'wood': '', 'core': '', 'length': None}",,False,False,,[],False,
214bcbd0-a50a-42be-a25a-22f6eac5b8db,Regulus Black,['Regulus Arcturus Black'],human,male,Slytherin,,,True,pure-blood,,black,"{'wood': '', 'core': '', 'length': None}",,False,False,Tom Moorcroft,[],False,
3dfc2e91-ec32-4e50-bc7a-eda089fbed0d,Phineas Nigelus Black,['Professor Phineas Nigellus Black'],human,male,Slytherin,,,True,pure-blood,,,"{'wood': '', 'core': '', 'length': None}",,False,False,John Atterbury,[],False,
ac403614-3872-4bef-b92f-efb4aeb8874b,Araminta Meliflua Black,[],human,female,Slytherin,,,True,,,,"{'wood': '', 'core': '', 'length': None}",,False,False,,[],False,
8475e091-e150-44de-9d83-1d524cfed5c5,Elladora Black,[],human,female,,,,True,pure-blood,,,"{'wood': '', 'core': '', 'length': None}",,False,False,,[],False,
6dc3e8c4-e634-4f92-aaf2-93ba0f9d3d35,Mrs Black,['Walburga Black'],human,female,,,,True,pure-blood,brown,brown,"{'wood': '', 'core': '', 'length': None}",,False,False,,[],False,
d08ba2a1-2104-4719-89ec-4aab5d9b9072,Andromeda Tonks,[],human,female,Slytherin,,,True,pure-blood,,brown,"{'wood': '', 'core': '', 'length': None}",,False,False,,[],True,
78a85508-8396-4977-a837-87842f603be0,Ted Tonks,['Edward'],human,female,,,,True,muggleborn,,blond,"{'wood': '', 'core': '', 'length': None}",,False,False,,[],False,
3cf024f3-d956-4b86-8d4d-944c79bc6fe7,Rodolphus Lestrange,[],human,male,Slytherin,,,True,pure-blood,,,"{'wood': '', 'core': '', 'length': None}",,False,False,,[],True,
874673a2-68e7-45b4-afbc-5520bb62af63,Rabastan Lestrange,[],human,male,Slytherin,,,True,pure-blood,,,"{'wood': '', 'core': '', 'length': None}",,False,False,,[],True,
d072aa84-ec4d-4c2f-a0a1-8831e1f6396a,Eric Munch,['Eric'],human,male,,,,True,,,,"{'wood': '', 'core': '', 'length': None}",,False,False,,[],True,
23821246-7a7a-45e5-82ce-2ed3589da4f3,Bob,[],human,male,,,,True,,,,"{'wood': '', 'core': '', 'length': None}",,False,False,Nicholas Blane,[],True,
4a0e91eb-ea6e-409d-b6f2-56f2155d05c9,Bengie Fenwick,[],human,male,,,,True,,,,"{'wood': '', 'core': '', 'length': None}",,False,False,,[],False,
028f862b-129d-43bf-b371-b1fefd82365c,Edgar Bones,[],human,male,,,,True,,,,"{'wood': '', 'core': '', 'length': None}",,False,False,Cliff Lanning,[],False,
87484ff7-777d-4fe3-88aa-f756c17fe4a2,Amelia Bones,[],human,female,,,,True,,,grey,"{'wood': '', 'core': '', 'length': None}",,False,False,Sian Thomas,[],True,
b48eacb4-6c52-4293-98a5-6433bde351c2,Caradoc Dearborn,[],human,male,,,,True,,,,"{'wood': '', 'core': '', 'length': None}",,False,False,,[],False,
2d4cc5cf-836f-4379-82e0-fca4e766ca70,Gideon Prewett,[],human,male,,,,True,pure-blood,,,"{'wood': '', 'core': '', 'length': None}",,False,False,,[],False,
a44923d3-776d-478b-af9c-3b2efc1e1360,Fabian Prewett,[],human,male,,,,True,pure-blood,,,"{'wood': '', 'core': '', 'length': None}",,False,False,,[],False,
94c993f6-a443-4408-b908-6e78e223e8ac,Aberforth Dumbledore,[],human,male,Gryffindor,,,True,half-blood,blue,,"{'wood': '', 'core': '', 'length': None}",goat,False,False,Jim McManus,['Ciarán Hinds'],True,
6f2c7ab3-db2c-454c-9f34-b8614b9779f8,Dorcas Meadowes,[],human,female,,,,True,,,,"{'wood': '', 'core': '', 'length': None}",,False,False,,[],False,
b1725aa9-117b-4e47-b749-9a7a8e1fafa0,Algie Longbottom,[],human,male,,,,True,,,,"{'wood': '', 'core': '', 'length': None}",,False,False,,[],True,
61b6d68e-4128-408c-9f71-9ef167cb0e69,Anthony Goldstein,[],human,male,Ravenclaw,,,True,,,,"{'wood': '', 'core': '', 'length': None}",,True,False,,[],True,
2b846267-2df3-4e13-8219-712d92dda9c1,Doris Purkiss,[],human,male,,,,True,,,,"{'wood': '', 'core': '', 'length': None}",,False,False,,[],True,
a01f6dbb-bad5-426b-a7df-f9613fa1021d,Euan Abercrombie,[],human,male,Gryffindor,,,True,,,,"{'wood': '', 'core': '', 'length': None}",,True,False,,[],True,
e65c8acb-0dfc-4f15-bcf8-d32b78811093,Rose Zeller,[],human,female,Hufflepuff,,,True,,,,"{'wood': '', 'core': '', 'length': None}",,True,False,,[],True,
fd142190-f1d7-4ce2-bdb3-6ed6b3edc020,Patricia Stimpson,[],human,female,,,,True,,,,"{'wood': '', 'core': '', 'length': None}",,True,False,,[],True,
26bd4437-73fa-4865-afdd-2fc1456f4592,Kenneth Towler,[],human,male,Gryffindor,,,True,,,,"{'wood': '', 'core': '', 'length': None}",,True,False,,[],True,
bff82738-5bb0-4edc-9cec-f80d1af4801f,Vicky Frobisher,[],human,female,Gryffindor,,,True,,,,"{'wood': '', 'core': '', 'length': None}",,True,False,,[],True,
88886e27-9ce2-416f-9dd6-56d4cd94a4fb,Geoffrey Hooper,[],human,male,Gryffindor,,,True,,,,"{'wood': '', 'core': '', 'length': None}",,True,False,,[],True,
57ce2ac3-2cea-4e76-9b2d-7d294f593d4a,Cassandra Trelawney,[],human,female,,,,True,,,,"{'wood': '', 'core': '', 'length': None}",,False,False,,[],False,
cb263aed-289b-43ad-8647-db54b8a5fc92,Michael Corner,[],human,male,Ravenclaw,,,True,,,,"{'wood': '', 'core': '', 'length': None}",,True,False,Ryan Nelson,[],True,
6fa93583-b935-4228-91e0-729e6713bdab,Zacharias Smith,[],human,male,Ravenclaw,,,True,,,blond,"{'wood': '', 'core': '', 'length': None}",,True,False,Nick Shirm,[],True,
781f1061-5413-40c7-8a35-b078e2e969b1,Barnabas the Barmy,[],human,male,,,,True,,,,"{'wood': '', 'core': '', 'length': None}",,True,False,,[],False,
ff0c4625-be03-4815-b7cf-241e496b0593,Karkus,[],giant,male,,,,False,,,,"{'wood': '', 'core': '', 'length': None}",,False,False,,[],False,
ab86f41a-3eeb-4586-95d8-b59fbdfc6bb7,Golgomath,[],giant,male,,,,False,,,,"{'wood': '', 'core': '', 'length': None}",,False,False,,[],True,
41a7eedf-f856-48e0-b9fd-69cfccaf8835,Fridwulfa,[],giant,female,,,,False,,,,"{'wood': '', 'core': '', 'length': None}",,False,False,,[],False,
d9cec110-a1d0-4437-9a55-dced475dfe6d,Andrew Kirke,[],human,male,Gryffindor,,,True,,,,"{'wood': '', 'core': '', 'length': None}",,True,False,,[],True,
575fbbc2-ac94-4c58-92f6-e5d75846da91,Jack Sloper,[],human,male,Gryffindor,,,True,,,,"{'wood': '', 'core': '', 'length': None}",,True,False,,[],True,
b45f28ff-29de-4149-8380-739db0e6855a,Everard,['Professor Everard'],human,male,,,,True,,,black,"{'wood': '', 'core': '', 'length': None}",,False,False,Sam Beazley,[],False,
4de07608-5dd6-451d-9efc-ccceefb9a2f6,Dilys Derwent,['Professor Dilys Derwent'],human,female,,,,True,,,silver,"{'wood': '', 'core': '', 'length': None}",,False,False,,[],False,
828aa47a-faa2-4481-b80d-14a4c7dd76ff,Hippocrates Smethwyck,[],human,male,,,,True,,,,"{'wood': '', 'core': '', 'length': None}",,False,False,,[],True,
8d3fc7e7-c313-4b66-bfd9-f9c8746520e3,Augustus Pye,[],human,male,,,,True,,,,"{'wood': '', 'core': '', 'length': None}",,False,False,,[],True,
5d9f5681-8f09-4c69-bc31-44b97b06811e,Urquhart Rackharrow,[],human,male,,,,True,,,,"{'wood': '', 'core': '', 'length': None}",,False,False,,[],False,
d878d27d-eef8-47de-9f01-9260d8c2290b,Willy Widdershins,[],human,male,,,,True,,,,"{'wood': '', 'core': '', 'length': None}",,False,False,,[],True,
b1d8360e-333f-43e8-a0bb-b26217a0d91c,Agnes,[],human,female,,,,True,,,,"{'wood': '', 'core': '', 'length': None}",,False,False,,[],True,
00434cd3-fcc7-44c7-8f98-7368415b4206,Miriam Strout,[],human,female,,,,True,,,,"{'wood': '', 'core': '', 'length': None}",,False,False,,[],True,
bc9b5ca3-632f-4fbf-a188-23c5da3cb31c,Madam Puddifoot,[],human,female,,,,True,,,black,"{'wood': '', 'core': '', 'length': None}",,False,False,,[],True,
6e74bd51-c1c0-4db0-b821-3570a62912f5,Summerby,[],human,male,Hufflepuff,,,True,,,,"{'wood': '', 'core': '', 'length': None}",,True,False,,[],True,
4a0f4c3b-14dc-4a9e-a2f8-da23734f5d34,Marietta Edgecombe,[],human,female,Ravenclaw,,,True,,,blonde,"{'wood': '', 'core': '', 'length': None}",,True,False,,[],True,
4ecfda07-0e35-4afe-86d8-d48b979e13a7,Madam Edgecombe,[],human,female,,,,True,,,,"{'wood': '', 'core': '', 'length': None}",,False,False,,[],True,
7d87a1aa-ea29-4ddd-8831-67113735b470,John Dawlish,[],human,male,,,,True,,,grey,"{'wood': '', 'core': '', 'length': None}",,False,False,Richard Leaf,[],True,
b15d184d-b595-4cd5-8881-70a7ed191606,Williamson,[],human,male,,,,True,,,,"{'wood': '', 'core': '', 'length': None}",,False,False,,[],True,
3a989b9d-a9a3-41fb-8246-35becfb0c7ad,Bradley,[],human,male,Ravenclaw,,,True,,,,"{'wood': '', 'core': '', 'length': None}",,True,False,,[],True,
0a13bf8e-a763-44cc-ac76-c6c53a639809,Roger Davies,[],human,male,Ravenclaw,,,True,,,,"{'wood': '', 'core': '', 'length': None}",,True,False,Henry Lloyd-Hughes,[],True,
b91bfd22-05cd-4209-970c-dc56c463e9df,Grawp,[],giant,male,,,,False,,green,brown,"{'wood': '', 'core': '', 'length': None}",,False,False,Tony Maudsley,['William Todd-Jones'],True,
b04e0987-7e90-4492-a6b4-4974468e3a2e,Griselda Marchbanks,['Madam Professor Griselda Marchbanks'],human,female,,,,True,,,,"{'wood': '', 'core': '', 'length': None}",,False,False,,[],True,
a3e5ea64-b103-4f47-bc26-dc08b799c668,Eddie Carmichael,[],human,male,Ravenclaw,,,True,,,,"{'wood': '', 'core': '', 'length': None}",,True,False,,[],True,
7772cb4e-5c33-405a-970d-c05cae167917,Daphne Greengrass,[],human,female,Slytherin,,,True,pure-blood,,,"{'wood': '', 'core': '', 'length': None}",,True,False,,[],True,
e8066a6a-33f3-4650-a8b1-72d4315989dd,Tofty,['Professor Tofty'],human,male,,,,True,,brown,grey,"{'wood': '', 'core': '', 'length': None}",,False,False,,[],True,
91097f7f-1dd7-42cb-9f53-003c9c4ea0db,Tiberius Ogden,[],human,male,,,,True,,,,"{'wood': '', 'core': '', 'length': None}",,False,False,,[],True,
1984a8cd-eeb1-4c2c-b4a0-6574219a1b1f,Pierre Bonaccord,[],human,male,,,,True,,,,"{'wood': '', 'core': '', 'length': None}",,False,False,,[],True,
0f3b4e5e-89e4-42f5-ab00-958ec3895965,Stubby Boardman,['Sirius Black'],human,male,,,,True,,,,"{'wood': '', 'core': '', 'length': None}",,False,False,,[],True,
4adb7764-5292-4b1d-988b-45aa2f9aa7bc,Magorian,[],centaur,male,,,,True,,,black,"{'wood': '', 'core': '', 'length': None}",,False,False,Michael Wildman,[],True,
2cd07351-973b-4feb-8b02-7bfa5b8b63cd,Emmeline Vance,[],human,female,,,,True,,,,"{'wood': '', 'core': '', 'length': None}",,False,False,Brigitte Millar,[],False,
c6176f66-ad40-4d0d-9a35-76e2b58c7c23,Herbert Chorley,[],human,male,,,,False,muggle,,,"{'wood': '', 'core': '', 'length': None}",,False,False,,[],True,
64108512-af58-4c1c-af8b-0cfa74a41b93,The British Prime Minister,[],human,male,,,,False,muggle,,,"{'wood': '', 'core': '', 'length': None}",,False,False,,[],True,
4fe08098-1ee3-4196-a3be-3fe78a7d208b,Ulick Gamp,[],human,male,,,,True,,yellow,silver,"{'wood': '', 'core': '', 'length': None}",,False,False,,[],False,
2859f35c-8c47-4a8e-8649-61499a9352df,Rufus Scrimgeour,[],human,male,,,,True,,yellowish,tawny,"{'wood': '', 'core': '', 'length': None}",,False,False,Bill Nighy,[],False,
fed82306-e03c-48ed-b3f5-06de7af38bc8,Corban Yaxley,[],human,male,,,,True,,blue,blond,"{'wood': '', 'core': '', 'length': None}",,False,False,Peter Mullan,[],True,
f3c96d16-e0de-4417-9052-5259e6a8e781,Fenrir Greyback,[],werewolf,male,,,,True,,,grey,"{'wood': '', 'core': '', 'length': None}",,False,False,Dave Legeno,[],True,
1d4c4ebb-84cb-4e32-92d2-28232448675c,Dirk Cresswell,[],human,male,,,,True,muggleborn,,,"{'wood': '', 'core': '', 'length': None}",,False,False,,[],False,
2143bf7c-8f8e-46f1-8860-b9a9558a4f8f,Barnabas Cuffe,[],human,male,,,,True,,,,"{'wood': '', 'core': '', 'length': None}",,False,False,Roger C. Bailey,[],True,
39357ad1-ae41-4a2c-b24f-77e7296db059,Ambrosius Flume,[],human,male,,,,True,,,bald,"{'wood': '', 'core': '', 'length': None}",,False,False,,[],True,
3314a65a-47c8-4ae5-8c60-15bfb25a5a0f,Gwenog Jones,[],human,female,,,,True,,brown,brown,"{'wood': '', 'core': '', 'length': None}",,False,False,,[],True,
451602b0-74e6-4481-b7b1-443c9280c82d,Arkie Philpott,[],human,male,,,,True,,,,"{'wood': '', 'core': '', 'length': None}",,False,False,,[],True,
46375e59-a782-4e43-bb7f-82560a5dd146,Verity,[],human,female,,,,True,,,blonde,"{'wood': '', 'core': '', 'length': None}",,False,False,,[],True,
da1dc2c1-49cf-4499-b169-b0b342ae8245,Arnold,[],pygmy puff,male,,,,False,,,purple,"{'wood': '', 'core': '', 'length': None}",,False,False,,[],True,
6c4350a9-2356-4bba-96bd-0458c12d99b5,Romilda Vane,[],human,female,Gryffindor,,,True,,dark,black,"{'wood': '', 'core': '', 'length': None}",,True,False,Anna Shaffer,[],True,
341e65d4-6917-48d7-80b2-1f9af607e95a,Cormac McLaggen,[],human,male,Gryffindor,,,True,,,,"{'wood': '', 'core': '', 'length': None}",,True,False,Freddie Stroma,[],True,
938559ee-e8e5-4963-8437-e7da04fd1b31,Marcus Belby,[],human,male,Ravenclaw,,,True,,,,"{'wood': '', 'core': '', 'length': None}",,True,False,Robert Knox,[],True,
af3601a7-61c8-43ba-a685-a9c9d7b76de4,Damocles Belby,[],human,male,,,,True,,,,"{'wood': '', 'core': '', 'length': None}",,False,False,,[],False,
b44d83d7-8850-4fe7-b246-2335322a46f1,Tiberius,[],human,male,,,,True,,,,"{'wood': '', 'core': '', 'length': None}",,True,False,,[],False,
cbb7e8e0-c8f7-4a3f-befc-b288e1c385d4,Bertie Higgs,[],human,male,,,,True,,,,"{'wood': '', 'core': '', 'length': None}",,False,False,,[],False,
3ba97e84-9fbb-49a6-b084-0924e811e712,Proudfoot,[],human,male,,,,True,,,,"{'wood': '', 'core': '', 'length': None}",,False,False,,[],True,
44551b41-9742-40ad-b327-15227ef615c4,Savage,[],human,male,,,,True,,,,"{'wood': '', 'core': '', 'length': None}",,False,False,,[],True,
f8c5cdbf-a6e9-431b-85a4-9d6dd2fa09dd,Humphrey Belcher,[],human,male,,,,True,,,,"{'wood': '', 'core': '', 'length': None}",,False,False,,[],True,
6821f44c-d662-4a57-9236-0a0b289e14ac,Bob Ogden,[],human,male,,,,True,,,,"{'wood': '', 'core': '', 'length': None}",,False,False,,[],False,
ee7b0dfb-b639-46f1-9364-7644a103a9a3,Morfin Gaunt,[],human,male,,,,True,pure-blood,dark,,"{'wood': '', 'core': '', 'length': None}",,False,False,,[],False,
0607b07a-d58a-47c7-8845-32476298e9ef,Marvolo Gaunt,[],human,male,,,,True,pure-blood,brown,grey,"{'wood': '', 'core': '', 'length': None}",,False,False,,[],False,
23d32b4f-189e-4704-918c-73e733293bcd,Merope Gaunt,['Merope Riddle'],human,female,,,,True,pure-blood,,dull,"{'wood': '', 'core': '', 'length': None}",,False,False,,[],False,
b1189355-fe8a-49c5-9a37-3312ef7caecf,Cecilia,[],human,female,,,,False,muggle,,,"{'wood': '', 'core': '', 'length': None}",,False,False,,[],False,
3a0fe4df-2e40-4541-8d7f-13586f0b9294,Tom Riddle,['Tom Riddle Senior'],human,male,,,,False,muggle,,dark,"{'wood': '', 'core': '', 'length': None}",,False,False,,[],False,
0e53860c-7679-49e4-891e-fb92286f0e5b,Demelza Robins,[],human,female,Gryffindor,,,True,,,,"{'wood': '', 'core': '', 'length': None}",,True,False,Katy Huxley-Golden,[],True,
28e9fe6b-3ca5-41ca-8a14-b995e0fb398b,Jimmy Peakes,[],human,male,Gryffindor,,,True,,,,"{'wood': '', 'core': '', 'length': None}",,True,False,,[],True,
c74b1fae-4793-4b47-bec2-ee652beabce2,Ritchie Coote,[],human,male,Gryffindor,,,True,,,,"{'wood': '', 'core': '', 'length': None}",,True,False,Ashley Virgil,[],True,
9ba0ca6e-4fba-410d-9b5e-e20694dde413,Melinda Bobbin,[],human,female,,,,True,,,,"{'wood': '', 'core': '', 'length': None}",,True,False,,[],True,
a4cbbe42-e30c-44b6-81c2-4690900a9a91,Leanne,[],human,female,Hufflepuff,,,True,,,,"{'wood': '', 'core': '', 'length': None}",,True,False,Isabella Laughland,[],True,
e0656ac4-fa6d-419b-a798-ce98ccb1e5dd,Caractacus Burke,[],human,male,,,,True,,,,"{'wood': '', 'core': '', 'length': None}",,False,False,,[],False,
345e02fa-cb14-4269-be4b-8c50090f42fb,Billy Stubbs,[],human,male,,,,False,muggle,,,"{'wood': '', 'core': '', 'length': None}",,False,False,,[],True,
f4c61a83-8f9a-4e66-873f-2e7375d6d309,Amy Benson,[],human,female,,,,False,muggle,,,"{'wood': '', 'core': '', 'length': None}",,False,False,,[],True,
36f0ca66-b700-4ed6-9cc3-884941f3dfab,Dennis Bishop,[],human,male,,,,False,muggle,,,"{'wood': '', 'core': '', 'length': None}",,False,False,,[],True,
39c01cd4-c599-4eb2-86be-86c3b5e38aee,Mrs Cole,[],human,female,,,,False,muggle,,,"{'wood': '', 'core': '', 'length': None}",,False,False,Amelda Brown,[],True,
a224e504-8a52-4e25-82fc-22cc121180e9,Eric Whalley,[],human,male,,,,False,muggle,,,"{'wood': '', 'core': '', 'length': None}",,False,False,,[],True,
215330e2-953c-4ed1-996c-d813f752c02d,Vaisey,[],human,male,Slytherin,,,True,,,dark,"{'wood': '', 'core': '', 'length': None}",,True,False,,[],True,
56bc7e56-740f-4140-85f4-dc591e66a322,Harper,[],human,male,Slytherin,,,True,,,,"{'wood': '', 'core': '', 'length': None}",,True,False,,[],True,
31749f52-77fa-4a73-be32-398ba74237f9,Urquhart,[],human,male,Slytherin,,,True,,,,"{'wood': '', 'core': '', 'length': None}",,True,False,,[],True,
0d3d2a06-54dd-4f0a-80b5-a4b9e7f651b1,Eldred Worple,[],human,male,,,,True,,,,"{'wood': '', 'core': '', 'length': None}",,False,False,Paul Ritter,[],True,
c86421d3-d5a1-4ab3-a980-1ba6bca5e572,Sanguini,[],vampire,male,,,,True,,,dark,"{'wood': '', 'core': '', 'length': None}",,False,False,Charlie Bennison,[],True,
cc511b1e-0f11-4b83-80a7-5862cf0ef145,Gawain Robards,[],human,male,,,,True,,,,"{'wood': '', 'core': '', 'length': None}",,False,False,,[],True,
0a0dfd61-c500-4a02-ad56-b7ab4f4a9371,Fergus,[],human,male,,,,True,,,,"{'wood': '', 'core': '', 'length': None}",,False,False,,[],True,
dfc535e3-c367-4d6c-b026-a3ae450c7c1b,Wilkie Twycross,[],human,male,,,,True,,,,"{'wood': '', 'core': '', 'length': None}",,False,False,,[],True,
ff9a7a10-34b8-4b62-bab8-66aee1f4141b,Cadwallader,[],human,male,Hufflepuff,,,True,,,,"{'wood': '', 'core': '', 'length': None}",,True,False,,[],True,
c4e73590-3ee2-4125-87fb-692dd991819b,Galatea Merrythought,[],human,female,,,,True,,,,"{'wood': '', 'core': '', 'length': None}",,False,True,,[],False,
92956011-c3f9-4537-80a7-798ec6065f98,Hepzibah Smith,[],human,female,,,,True,,,,"{'wood': '', 'core': '', 'length': None}",,False,False,,[],False,
096825a1-4e83-4744-8186-a83139d387c1,Hokey,[],house-elf,female,,,,False,,,,"{'wood': '', 'core': '', 'length': None}",,False,False,,[],False,
9cd332eb-9f6c-4c03-8c66-9dd04bb23dd4,Octavius Pepper,[],human,male,,,,False,,,,"{'wood': '', 'core': '', 'length': None}",,False,False,,[],False,
58cfdca2-6068-4474-ad37-5e12a1b50671,Bertram Aubrey,[],human,male,,,,False,,,,"{'wood': '', 'core': '', 'length': None}",,False,False,,[],False,
ceb72b66-cef4-4578-a48b-5e613fcbd276,Eileen Prince,[],human,female,,,,False,pure-blood,,,"{'wood': '', 'core': '', 'length': None}",,False,False,,[],False,
5d20ece0-e872-453b-8f9a-bee8b704f7c7,Amycus Carrow,[],human,male,Slytherin,,,True,,,,"{'wood': '', 'core': '', 'length': None}",,False,False,Ralph Ineson,[],True,
88c30ceb-c607-49bc-b6c9-85365aee9e8c,Alecto Carrow,[],human,female,Slytherin,,,True,,,,"{'wood': '', 'core': '', 'length': None}",,False,False,Suzie Toase,[],True,
e12104b2-a1e1-4d62-8c83-9ada5c95eb9f,Gibbon,[],human,male,,,,True,,,,"{'wood': '', 'core': '', 'length': None}",,False,False,,[],False,
85fc2ddf-c149-4bae-a987-2a6924960ffa,Tobias Snape,[],human,male,,,,False,,,,"{'wood': '', 'core': '', 'length': None}",,False,False,,[],True,
81ff4efd-b2e3-45db-8be8-08a5bc4f195a,Pius Thicknesse,[],human,male,,,,True,,,black,"{'wood': '', 'core': '', 'length': None}",,False,False,Guy Henry,[],True,
01657fd1-aa13-482a-a5d0-25c19c95b9c9,Wakanda,[],human,female,,,,True,,,blonde,"{'wood': '', 'core': '', 'length': None}",,False,False,Harriet Thorpe,[],True,
61d78dce-890b-4f02-844f-b41d66553802,Charity Burbage,[],human,female,,,,True,,,,"{'wood': '', 'core': '', 'length': None}",,False,True,Carolyn Pickles,[],False,
4a45f7ae-518b-4e9a-bf6e-cb9134d29afc,Percival Dumbledore,[],human,male,,,,True,,,,"{'wood': '', 'core': '', 'length': None}",,False,False,,[],False,
5a4c95db-947d-4914-a631-41e8d466328e,Kendra Dumbledore,[],human,female,,,,True,muggleborn,dark,black,"{'wood': '', 'core': '', 'length': None}",,False,False,,[],False,
a3cf6943-d402-41d4-b98e-3c4a444b828d,Ariana Dumbledore,[],human,female,,,,True,half-blood,,,"{'wood': '', 'core': '', 'length': None}",,False,False,Hebe Beardsall,[],False,
5cd214c9-7822-47e0-b41d-01939ade77e7,Betty Braithwaite,[],human,female,,,,True,,,,"{'wood': '', 'core': '', 'length': None}",,False,False,,[],True,
acff45a0-33e5-4d19-ad9b-4e522e5edaab,Apolline Delacour,[],half-human,female,,,,True,half-veela,,blonde,"{'wood': '', 'core': '', 'length': None}",,False,False,,[],True,
5293240e-c512-4cdb-89b0-cb21ef8b04fb,Gabrielle Delacour,[],human,female,,,,True,quarter-veela,,blonde,"{'wood': '', 'core': '', 'length': None}",,False,False,Angelica Mandy,[],True,
bd9f49ef-452e-4c22-84c8-ab76da9f0003,Monsieur Delacour,[],human,male,,,,True,,,black,"{'wood': '', 'core': '', 'length': None}",,False,False,,[],True,
4848cf4f-27ac-42d3-8e49-f63515c92c37,Dragomir Gorgovitch,[],human,male,,,,True,,,,"{'wood': '', 'core': '', 'length': None}",,False,False,,[],True,
d1e8ddf1-cfc7-404a-bffe-f4ac6c656ead,Xenophilius Lovegood,[],human,male,Ravenclaw,,,True,,,white,"{'wood': '', 'core': '', 'length': None}",,False,False,Rhys Ifans,[],True,
20354d7a-e4fe-47af-8ff6-187bca92f3f9,Pandora Lovegood,[],human,female,Ravenclaw,,,True,,,,"{'wood': '', 'core': '', 'length': None}",,False,False,,[],False,
f7457448-8382-4e5e-b72a-0044fc6f8958,Muriel,"['Aunt Muriel', 'Auntie Muriel']",human,female,,,,True,,,grey,"{'wood': '', 'core': '', 'length': None}",,False,False,Matyelok Gibbs,[],True,
cf903d42-5d51-44b0-b362-adc57e626885,Bilius,['Uncle Bilius'],human,male,,,,True,,,,"{'wood': '', 'core': '', 'length': None}",,False,False,,[],False,
753ffe5f-19a8-41c9-b264-289766c8a4be,Thorfinn Rowle,[],human,male,,,,True,,,blond,"{'wood': '', 'core': '', 'length': None}",,False,False,Rod Hunt,[],True,
d4eee96d-c53f-4e6f-8a95-c97d42343833,Reg Cattermole,['Reginald Cattermole'],human,male,,,,True,,,,"{'wood': '', 'core': '', 'length': None}",,False,False,Steffan Rhodri,[],True,
22ed3c3e-c30c-4e79-a93d-fdfe470c8090,Albert Runcorn,[],human,male,,,,True,,,black,"{'wood': '', 'core': '', 'length': None}",,False,False,David O'Hara,[],True,
daea26d1-895d-4c29-8225-4d1ec2607cf0,Arkie Alderton,[],human,male,,,,True,,,,"{'wood': '', 'core': '', 'length': None}",,False,False,,[],True,
e96dc731-5217-4c83-b173-248e1c70b5e7,Mary Cattermole,['Mary Elizabeth Cattermole'],human,female,,,,True,muggleborn,,,"{'wood': 'cherry', 'core': 'unicorn hair', 'length': 8.75}",,False,False,Kate Fleetwood,[],True,
5f70c4d0-981e-4dab-993d-5af0aa6bbcd5,Maisie Cattermole,[],human,female,,,,True,,,,"{'wood': '', 'core': '', 'length': None}",,False,False,,[],True,
0aabac0a-9212-4cad-9c42-d54886feb351,Ellie Cattermole,[],human,female,,,,True,,,,"{'wood': '', 'core': '', 'length': None}",,False,False,,[],True,
064733fb-bd1c-4b15-8fdd-2b3100b34f0b,Alfred Cattermole,[],human,male,,,,True,,,,"{'wood': '', 'core': '', 'length': None}",,False,False,,[],True,
0f5bc3a8-566d-443e-a49a-8e0616fb8dec,Gornuk,[],goblin,male,,,,False,,,,"{'wood': '', 'core': '', 'length': None}",,False,False,,[],False,
ede100e7-c8d8-42bb-8d39-ed41c92979c8,Bowman Wright,[],human,male,,,,True,,,,"{'wood': '', 'core': '', 'length': None}",,False,False,,[],False,
151f886b-2fcf-4010-9e6f-8621e616a2c4,Ivor Dillonsby,[],human,male,,,,True,,,,"{'wood': '', 'core': '', 'length': None}",,False,False,,[],True,
38aa76a6-d1d9-4ef5-9e67-573fe4fa916e,Enid Smeek,[],human,female,,,,True,,,,"{'wood': '', 'core': '', 'length': None}",,False,False,,[],True,
8e0715f3-1b16-44b7-862d-bcdea99e7ba6,Egbert the Egregious,[],human,male,,,,True,,,,"{'wood': '', 'core': '', 'length': None}",,False,False,,[],False,
d9175f7a-9e92-45fc-8207-b31b5a69c8e6,Godelot,[],human,male,,,,True,,,,"{'wood': '', 'core': '', 'length': None}",,False,False,,[],False,
6af6d07a-692a-42d6-80ab-dec3cef84269,Hereward,[],human,male,,,,True,,,,"{'wood': '', 'core': '', 'length': None}",,False,False,,[],False,
63b292fd-d297-4bb3-95d2-51a88a46891b,Loxias,[],human,male,,,,True,,,,"{'wood': '', 'core': '', 'length': None}",,False,False,,[],False,
c86e0027-dd93-4ddd-bec3-a1b832fd27f1,Barnabas Deverill,[],human,male,,,,True,,,,"{'wood': '', 'core': '', 'length': None}",,False,False,,[],False,
3535214c-9814-42c1-95d1-2e1db92d2a47,Arcus,[],human,male,,,,True,,,,"{'wood': '', 'core': '', 'length': None}",,False,False,,[],False,
b336a6be-7954-420e-8e05-95945ad1d727,Livius,[],human,male,,,,True,,,,"{'wood': '', 'core': '', 'length': None}",,False,False,,[],False,
14505ff9-e2d8-4a27-bc85-c8d8dfb2ca33,Antioch Peverell,['First Brother'],human,male,,,,True,pure-blood,,,"{'wood': '', 'core': '', 'length': None}",,False,False,,[],False,
9a8b9fcd-6610-4e24-a5c6-bec1aa50fadd,Cadmus Peverell,['Second Brother'],human,male,,,,True,pure-blood,,,"{'wood': '', 'core': '', 'length': None}",,False,False,,[],False,
461bddf4-cc9d-4737-b1a2-703c06b771a6,Ignotus Peverell,['Third Brother'],human,male,,,,True,pure-blood,,,"{'wood': '', 'core': '', 'length': None}",,False,False,,[],False,
a8dc2688-e8a2-4d50-ac06-5cd324becb5b,Selwyn,[],human,male,,,,True,pure-blood,,,"{'wood': '', 'core': '', 'length': None}",,False,False,,[],True,
1d6d87f8-6561-4e27-b77d-247067d3a7cc,Scabior,[],human,male,Slytherin,,,True,,,,"{'wood': '', 'core': '', 'length': None}",,False,False,Nick Moran,[],True,
b3c7de0a-fc23-4dd5-94d2-27e906c45fb7,Ragnuk the First,['King Ragnuk the First'],goblin,male,,,,False,,,,"{'wood': '', 'core': '', 'length': None}",,False,False,,[],False,
7d7968e6-ef05-4192-87d5-99ebd1e54d0b,Ted Lupin,['Edward Remus Teddy Lupin'],human,male,Hufflepuff,,,True,half-blood,,,"{'wood': '', 'core': '', 'length': None}",,False,False,Luke Newberry,[],True,
cae8556b-eea7-4e5a-b6a3-29d685421bfa,Marius,[],human,male,,,,True,,,,"{'wood': '', 'core': '', 'length': None}",,False,False,,[],True,
a2c4fbb5-af04-45a4-9a1e-b39f9bb479c8,Bogrod,[],goblin,male,,,,False,,black,white,"{'wood': '', 'core': '', 'length': None}",,False,False,Jon Key,[],True,
2d9fd582-0be6-4f11-98f5-3358ad14b973,The Grey Lady,['Helena Ravenclaw'],ghost,female,,,,True,,,,"{'wood': '', 'core': '', 'length': None}",,False,False,Nina Young,['Kelly Macdonald'],False,
2550709a-d94b-4794-bb5f-a8d6ba546011,Dexter Fortescue,['Professor Dexter Fortescue'],human,male,,,,True,,,,"{'wood': '', 'core': '', 'length': None}",,False,False,,[],False,
6025d951-2638-4827-baff-aa5db5017a4a,Lily Potter,['Lily Luna Potter'],human,female,Gryffindor,,,True,half-blood,,red,"{'wood': '', 'core': '', 'length': None}",,False,False,Daphne de Beistegui,[],True,
9c8ce8c7-ae0a-4646-920f-09c071862f10,James Potter,['James Sirius Potter'],human,male,Gryffindor,,,True,half-blood,,,"{'wood': '', 'core': '', 'length': None}",,True,False,Will Dunn,[],True,
dcdc063e-cf3e-48fc-b777-65922e899b38,Albus Severus Potter,['Al'],human,male,Slytherin,,,True,half-blood,green,black,"{'wood': '', 'core': '', 'length': None}",,True,False,Arthur Bowen,[],True,
e4653b01-76a5-4769-a6a2-1f2efaf89cbb,Rose Weasley,[],human,female,Gryffindor,,,True,half-blood,,red,"{'wood': '', 'core': '', 'length': None}",,True,False,Helena Barlow,[],True,
2b203c7e-7b3d-4f27-8b3c-11473904da73,Hugo Weasley,[],human,male,,,,True,half-blood,,brown,"{'wood': '', 'core': '', 'length': None}",,True,False,Ryan Turner,[],True,
7f2f6207-8998-4f98-92c2-8d02898a82eb,Scorpius Malfoy,['Scorpius Hyperion Malfoy'],human,male,Slytherin,,,True,pure-blood,grey,blond,"{'wood': '', 'core': '', 'length': None}",,True,False,Bertie Gilbert,[],True,
57fe29d4-312a-4711-bd9a-c320253d9176,Victoire Weasley,[],human,female,,,,True,,,blonde,"{'wood': '', 'core': '', 'length': None}",,True,False,,[],True,
